{"cameraMode":{"drawMode":0,"name":"Shaded","section":"Shading Mode"},"sceneLighting":false,"audioPlay":false,"sceneViewState":{"showFog":true,"showMaterialUpdate":false,"showSkybox":true,"showFlares":true,"showImageEffects":true,"showParticleSystems":true},"in2DMode":false,"pivot":{"x":428.5267639160156,"y":1.2214312553405762,"z":446.8964538574219},"rotation":{"x":0.051775913685560229,"y":-0.8135727643966675,"z":0.0731268972158432,"w":0.574626088142395},"size":10.0,"orthographic":false}