{"cameraMode":{"drawMode":0,"name":"Shaded","section":"Shading Mode"},"sceneLighting":false,"audioPlay":false,"sceneViewState":{"showFog":true,"showMaterialUpdate":false,"showSkybox":true,"showFlares":true,"showImageEffects":true,"showParticleSystems":true},"in2DMode":false,"pivot":{"x":428.93621826171877,"y":7.209372043609619,"z":443.9708251953125},"rotation":{"x":0.18651679158210755,"y":-0.803656280040741,"z":0.32301560044288638,"w":0.4638126492500305},"size":6.604615211486816,"orthographic":false}