{"cameraMode":{"drawMode":0,"name":"Shaded","section":"Shading Mode"},"sceneLighting":false,"audioPlay":false,"sceneViewState":{"showFog":true,"showMaterialUpdate":false,"showSkybox":true,"showFlares":true,"showImageEffects":true,"showParticleSystems":true},"in2DMode":false,"pivot":{"x":294.56793212890627,"y":47.38078308105469,"z":391.7931213378906},"rotation":{"x":0.3208504021167755,"y":-0.36522188782691958,"z":0.1356721818447113,"w":0.8633064031600952},"size":76.93724822998047,"orthographic":false}