{"cameraMode":{"drawMode":0,"name":"Shaded","section":"Shading Mode"},"sceneLighting":false,"audioPlay":false,"sceneViewState":{"showFog":true,"showMaterialUpdate":false,"showSkybox":true,"showFlares":true,"showImageEffects":true,"showParticleSystems":true},"in2DMode":false,"pivot":{"x":50.667903900146487,"y":-294.1130676269531,"z":330.45806884765627},"rotation":{"x":0.3192073404788971,"y":-0.646916389465332,"z":0.3432016670703888,"w":0.6015438437461853},"size":183.2087860107422,"orthographic":false}