{"cameraMode":{"drawMode":0,"name":"Shaded","section":"Shading Mode"},"sceneLighting":false,"audioPlay":false,"sceneViewState":{"showFog":true,"showMaterialUpdate":false,"showSkybox":true,"showFlares":true,"showImageEffects":true,"showParticleSystems":true},"in2DMode":false,"pivot":{"x":694.0079345703125,"y":-122.28962707519531,"z":407.64892578125},"rotation":{"x":0.15714150667190553,"y":0.7280058264732361,"z":-0.17799682915210725,"w":0.6432137489318848},"size":138.8927764892578,"orthographic":false}