{"cameraMode":{"drawMode":0,"name":"Shaded","section":"Shading Mode"},"sceneLighting":false,"audioPlay":false,"sceneViewState":{"showFog":true,"showMaterialUpdate":false,"showSkybox":false,"showFlares":true,"showImageEffects":true,"showParticleSystems":true},"in2DMode":false,"pivot":{"x":12.217179298400879,"y":6.694476127624512,"z":-1.3936691284179688},"rotation":{"x":-0.01700720563530922,"y":0.9725058078765869,"z":-0.219831183552742,"w":-0.07516993582248688},"size":5.375255584716797,"orthographic":false}