{"cameraMode":{"drawMode":0,"name":"Shaded","section":"Shading Mode"},"sceneLighting":true,"audioPlay":false,"sceneViewState":{"showFog":true,"showMaterialUpdate":false,"showSkybox":true,"showFlares":true,"showImageEffects":true,"showParticleSystems":true},"in2DMode":false,"pivot":{"x":2.8375601768493654,"y":10.50175952911377,"z":-16.840877532958986},"rotation":{"x":0.0035398525651544334,"y":0.9931562542915344,"z":-0.11251670867204666,"w":0.03128017485141754},"size":22.798263549804689,"orthographic":false}