{"cameraMode":{"drawMode":0,"name":"Shaded","section":"Shading Mode"},"sceneLighting":false,"audioPlay":false,"sceneViewState":{"showFog":true,"showMaterialUpdate":false,"showSkybox":true,"showFlares":true,"showImageEffects":true,"showParticleSystems":true},"in2DMode":false,"pivot":{"x":-24.997180938720704,"y":-25.802549362182618,"z":-45.35739517211914},"rotation":{"x":-0.08219978213310242,"y":0.914071798324585,"z":-0.23418660461902619,"w":-0.32078391313552859},"size":62.832645416259769,"orthographic":false}