{"cameraMode":{"drawMode":0,"name":"Shaded","section":"Shading Mode"},"sceneLighting":true,"audioPlay":false,"sceneViewState":{"showFog":true,"showMaterialUpdate":false,"showSkybox":true,"showFlares":true,"showImageEffects":true,"showParticleSystems":true},"in2DMode":false,"pivot":{"x":-0.1480569839477539,"y":-37.48784637451172,"z":-44.78245544433594},"rotation":{"x":-0.008516279049217701,"y":0.9539706110954285,"z":-0.2985619902610779,"w":-0.02720934897661209},"size":104.37508392333985,"orthographic":false}