{"cameraMode":{"drawMode":0,"name":"Shaded","section":"Shading Mode"},"sceneLighting":false,"audioPlay":false,"sceneViewState":{"showFog":true,"showMaterialUpdate":false,"showSkybox":false,"showFlares":true,"showImageEffects":true,"showParticleSystems":true},"in2DMode":false,"pivot":{"x":-8.635753631591797,"y":2.7575128078460695,"z":2.668771743774414},"rotation":{"x":-0.07373952865600586,"y":0.8868498206138611,"z":-0.1520606428384781,"w":-0.4300552010536194},"size":4.200016975402832,"orthographic":false}