{"cameraMode":{"drawMode":0,"name":"Shaded","section":"Shading Mode"},"sceneLighting":true,"audioPlay":false,"sceneViewState":{"showFog":true,"showMaterialUpdate":false,"showSkybox":true,"showFlares":true,"showImageEffects":true,"showParticleSystems":true},"in2DMode":false,"pivot":{"x":-85.29107666015625,"y":-91.16948699951172,"z":50.27667236328125},"rotation":{"x":-0.1752806305885315,"y":0.8244388103485107,"z":-0.36848101019859316,"w":-0.3921832740306854},"size":118.6057357788086,"orthographic":false}