{"cameraMode":{"drawMode":0,"name":"Shaded","section":"Shading Mode"},"sceneLighting":false,"audioPlay":false,"sceneViewState":{"showFog":true,"showMaterialUpdate":false,"showSkybox":false,"showFlares":true,"showImageEffects":true,"showParticleSystems":true},"in2DMode":false,"pivot":{"x":12.200000762939454,"y":8.979999542236329,"z":-1.1920928955078126e-7},"rotation":{"x":0.08742519468069077,"y":0.8952774405479431,"z":-0.387317419052124,"w":0.20206589996814729},"size":1.2247449159622193,"orthographic":false}