{"cameraMode":{"drawMode":0,"name":"Shaded","section":"Shading Mode"},"sceneLighting":true,"audioPlay":false,"sceneViewState":{"showFog":true,"showMaterialUpdate":false,"showSkybox":true,"showFlares":true,"showImageEffects":true,"showParticleSystems":true},"in2DMode":false,"pivot":{"x":-30.461580276489259,"y":-388.9007263183594,"z":220.8985137939453},"rotation":{"x":-0.49451372027397158,"y":0.03775739669799805,"z":-0.021507587283849717,"w":-0.8680962920188904},"size":229.58090209960938,"orthographic":false}